source_zip,filename,filename_pii,pdf_doi,pdf_title,text_layers
marine antifouling.zip,1-s2.0-S030094402400153X-main.pdf,S030094402400153X,10.1016/j.porgcoat.2024.108361,Progress in Organic Coatings 190 (2024) 108361,1
marine antifouling.zip,1-s2.0-S2213343720302979-main.pdf,S2213343720302979,10.1016/j.jece.2020.103949,Contents lists available at ScienceDirect,1
marine antifouling.zip,1.pdf,,10.1016/j.marpolbul.2023.115524,Marine Pollution Bulletin 195 (2023) 115524,1
marine antifouling.zip,10.pdf,,10.1016/j.mtchem.2020.100294,Novel marine antifouling coatings inspired by corals,1
marine antifouling.zip,100.pdf,,10.1016/j.memsci.2013.03.060,Attachment of silver nanoparticles (AgNPs) onto thin-ﬁlm composite (TFC),1
marine antifouling.zip,101.pdf,,10.1039/d1nj03158a,"15170 |  New J. Chem., 2021, 45, 15170–15179 This journal is © The Royal Society of Chemistry and the Centre National de la Recherche Scientifique 2021",1
marine antifouling.zip,11.pdf,,10.1016/j.ijome.2017.08.006,Setting an agenda for biofouling research for the marine,1
marine antifouling.zip,111111.pdf,,,,0
marine antifouling.zip,112.pdf,,10.1021/acs.langmuir.9b03926,Silicone-Based Fouling-Release Coatings for Marine Antifouling,1
marine antifouling.zip,114.pdf,,10.1021/acsnano.8b02293,The Anti-Biofouling Properties of,1
marine antifouling.zip,115.pdf,,10.1007/s10295-014-1412-9,J Ind Microbiol Biotechnol (2014) 41:741–748,1
marine antifouling.zip,116.pdf,,10.1021/acs.langmuir.3c00986,Antifouling Slippery Surface against Marine Biofouling,1
marine antifouling.zip,117.pdf,,10.1021/acsami.2c00172,Transition Metal Engineering of Molybdenum Disul ﬁde Nanozyme,1
marine antifouling.zip,118.pdf,,10.1021/ie502147t,Biodegradable Polyurethane Carrying Antifoulants for Inhibition of,1
marine antifouling.zip,119.pdf,,10.1021/am4054578,Marine Biofouling Resistance of Polyurethane with Biodegradation,1
marine antifouling.zip,12.pdf,,10.1016/j.cej.2024.149859,Chemical Engineering Journal 486 (2024) 149859,1
marine antifouling.zip,120.pdf,,10.1021/acs.langmuir.5b01720,Degradable Polymer with Protein Resistance in a Marine,1
marine antifouling.zip,121.pdf,,10.1021/acsami.5b07325,Poly(dimethylsiloxane)-Based Polyurethane with Chemically,1
marine antifouling.zip,122.pdf,,10.1021/acs.iecr.6b02917,Degradable Polymers for Marine Antibiofouling: Optimizing,1
marine antifouling.zip,123.pdf,,10.1021/acssuschemeng.7b01385,Environmentally Friendly Antifouling Coatings Based on,1
marine antifouling.zip,124.pdf,,10.1080/08927014.2013.776042,The Journal of Bioadhesion and Bioﬁlm Research,1
marine antifouling.zip,125.pdf,,10.1088/1742-6596/2094/2/022041,Conference Series,1
marine antifouling.zip,126.pdf,,,HEXADECYLTRIMETHYLAMMONIUM-SILVER-KAOLINITE AS A MARINE,1
marine antifouling.zip,127.pdf,,10.1038/ncomms9649,Extremely durable biofouling-resistant metallic,1
marine antifouling.zip,128.pdf,,10.1021/acssuschemeng.9b06917,“From the Nature for the Nature ”: An Eco-Friendly Antifouling,1
marine antifouling.zip,129.pdf,,10.1021/acs.accounts.2c00187,Degradable Vinyl Polymers for Combating Marine Biofouling,1
marine antifouling.zip,13.pdf,,10.1016/j.cej.2020.126870,Contents lists available atScienceDirect,1
marine antifouling.zip,130.pdf,,10.11933/j.issn.1007−9289.20181130002,天然产物基无铜自抛光防污涂料的制备与性能,1
marine antifouling.zip,131.pdf,,10.34133/research.0627,He et al. 2025 | https://doi.org/10.34133/research.0627 1,1
marine antifouling.zip,132.pdf,,10.1007/s10118-012-1158-7,"Chinese Journal of Polymer Science Vol. 30, No. 3, (2012), 337−342 Chinese Journal of Polymer Science",1
marine antifouling.zip,133.pdf,,10.1007/s10118-023-2936-0,"Chinese J. Polym. Sci. 2023, 41, 995–1001",1
marine antifouling.zip,134.pdf,,10.1007/s10118-025-3399-2,Chinese J. Polym. Sci.,1
marine antifouling.zip,135.pdf,,10.1007/s10853-022-07791-8,Review on formation of biofouling in the marine,1
marine antifouling.zip,136.pdf,,10.1007/s11356-021-18404-3,Anti‑barnacle biofouling coatings for the protection of marine vessels:,1
marine antifouling.zip,137.pdf,,10.1038/s41529-023-00370-5,REVIEW ARTICLE OPEN,1
marine antifouling.zip,138.pdf,,10.1038/s41589-024-01740-z,Nature Chemical Biology | Volume 20 | November 2024 | 1406–1419 1406,1
marine antifouling.zip,139.pdf,,10.1021/acsomega.0c00633,Anti-Biofouling Features of Eco-Friendly Oleamide −PDMS,1
marine antifouling.zip,14.pdf,,10.1016/j.colsurfb.2021.112003,Colloids and Surfaces B: Biointerfaces 207 (2021) 112003,1
marine antifouling.zip,140.pdf,,10.1002/smll.201503334,(1 of 9) 1503334,1
marine antifouling.zip,141.pdf,,10.1002/smll.202504187,RESEARCH ARTICLE,1
marine antifouling.zip,142.pdf,,10.1021/acsapm.3c00667,Development of a Robust Slippery Liquid-Infused Porous Surface,1
marine antifouling.zip,143.pdf,,10.1080/08927014.2011.611878,The Journal of Bioadhesion and Bioﬁlm Research,1
marine antifouling.zip,144.pdf,,10.1021/acsami.4c02070,High-Performance Polyurea Improved by Reactive Nanocluster for,1
marine antifouling.zip,145.pdf,,10.1021/mz500818c,Facile Synthesis of a Phosphorylcholine-Based Zwitterionic,1
marine antifouling.zip,146.pdf,,10.1021/acs.iecr.7b00557,Self-Cross-Linking Degradable Polymers for Antifouling Coatings,1
marine antifouling.zip,147.pdf,,10.1021/acsami.8b00962,Biodegradable Polymer with Hydrolysis-Induced Zwitterions for,1
marine antifouling.zip,148.pdf,,10.1021/acsapm.0c00356,Nanodiamond Reinforced Poly(dimethylsiloxane)-Based Polyurea,1
marine antifouling.zip,149.pdf,,10.1021/ma300291q,Hybrid Copolymerization of ε-Caprolactone and Methyl,1
marine antifouling.zip,15.pdf,,10.1016/j.memsci.2021.119895,0376-7388/© 2021 Elsevier B.V. All rights reserved.,1
marine antifouling.zip,150.pdf,,10.1021/jacs.3c04746,AnionicHybridCopolymerizationofSulfurwithAcrylate:Strategy,1
marine antifouling.zip,151.pdf,,10.1021/acsapm.9b00253,"Silicone Elastomer with Surface-Enriched, Nonleaching Amphiphilic",1
marine antifouling.zip,152.pdf,,10.1021/acsami.0c05403,Anti-Biofouling and Self-Cleaning Surfaces Featured with Magnetic,1
marine antifouling.zip,153.pdf,,10.1021/acsapm.3c00199,Surface-Enriched Amphiphilic Polysiloxane Coating with Superior,1
marine antifouling.zip,154.pdf,,10.1021/acs.iecr.5b01819,Inhibition of Marine Biofouling by Use of Degradable and,1
marine antifouling.zip,155.pdf,,10.1021/acs.langmuir.9b01740,Speciﬁc Ion E ﬀects on the Enzymatic Degradation of Polymeric,1
marine antifouling.zip,16.pdf,,10.1016/j.porgcoat.2024.108833,Eco-friendly covalently connected silicone hydrogel with negatively,1
marine antifouling.zip,17.pdf,,10.1016/j.porgcoat.2023.108094,Progress in Organic Coatings 187 (2024) 108094,1
marine antifouling.zip,18.pdf,,10.1016/j.porgcoat.2022.107243,Progress in Organic Coatings 174 (2023) 107243,1
marine antifouling.zip,19.pdf,,10.1016/j.porgcoat.2021.106141,Progress in Organic Coatings 153 (2021) 106141,1
marine antifouling.zip,2.pdf,,10.1016/j.cis.2022.102796,Advances in Colloid and Interface Science 310 (2022) 102796,1
marine antifouling.zip,20.pdf,,10.1016/j.colsurfa.2022.128313,Colloids and Surfaces A: Physicochemical and Engineering Aspects 639 (2022) 128313,1
marine antifouling.zip,22.pdf,,10.1002/advs.201900002,"1900002 (1 of 10) © 2019 The Authors. Published by WILEY-VCH Verlag GmbH & Co. KGaA, Weinheim",1
marine antifouling.zip,23.pdf,,10.1002/adfm.201800596,FEATURE ARTICLE,1
marine antifouling.zip,25.pdf,,10.1039/c3tb20454e,Degradable polyurethane for marine anti-biofouling,1
marine antifouling.zip,26.pdf,,10.1016/j.porgcoat.2022.107350,Progress in Organic Coatings 175 (2023) 107350,1
marine antifouling.zip,27.pdf,,10.1016/j.porgcoat.2025.109177,Progress in Organic Coatings 203 (2025) 109177,1
marine antifouling.zip,28.pdf,,10.1016/j.colsurfb.2022.112392,Colloids and Surfaces B: Biointerfaces 213 (2022) 112392,1
marine antifouling.zip,3.pdf,,10.1016/j.porgcoat.2024.108656,Progress in Organic Coatings 195 (2024) 108656,1
marine antifouling.zip,30.pdf,,10.1016/j.marpolbul.2021.112895,Marine Pollution Bulletin 172 (2021) 112895,1
marine antifouling.zip,31.pdf,,10.1016/j.jcis.2022.08.178,Antibacterial-renew dual-function anti-biofouling strategy: Self-,1
marine antifouling.zip,32.pdf,,10.1016/j.porgcoat.2021.106298,Progress in Organic Coatings 157 (2021) 106298,1
marine antifouling.zip,33.pdf,,10.1016/j.polymer.201,Coatings with a self-generating hydrogel surface for antifouling,1
marine antifouling.zip,34.pdf,,10.1016/j.cis.2024.103090,Advances in Colloid and Interface Science 324 (2024) 103090,1
marine antifouling.zip,35.pdf,,10.1016/j.porgcoat.2024.108213,Progress in Organic Coatings 188 (2024) 108213,1
marine antifouling.zip,36.pdf,,10.1016/j.cej.2021.129755,Chemical Engineering Journal 421 (2021) 129755,1
marine antifouling.zip,37.pdf,,10.1016/j.carbpol.2022.120504,Carbohydrate Polymers 304 (2023) 120504,1
marine antifouling.zip,38.pdf,,10.1016/j.susmat.2024.e01214,The integrated anti-corrosion and anti-biofouling coating with high,1
marine antifouling.zip,39.pdf,,10.1016/j.colsurfa.2021.126946,Colloids and Surfaces A: Physicochemical and Engineering Aspects 625 (2021) 126946,1
marine antifouling.zip,4.pdf,,10.1016/j.jcis.2022.08.004,Morphology regulation and application of nano cobalt oxide (Co 3O4),1
marine antifouling.zip,40.pdf,,10.1016/j.mtchem.2025.102918,Immobilization of Cu-MOF with SiO2 aerogel in a marine coating to,1
marine antifouling.zip,41.pdf,,10.1039/d0tb02465a,"Self-healing, highly elastic and amphiphilic",1
marine antifouling.zip,42.pdf,,10.1002/advs.202105008,RESEARCH ARTICLE,1
marine antifouling.zip,43.pdf,,10.1002/adfm.202011145,© 2021 Wiley-VCH GmbH2011145 (1 of 7),1
marine antifouling.zip,44.pdf,,10.1002/adfm.202508400,RESEARCH ARTICLE,1
marine antifouling.zip,45.pdf,,10.1039/c7ta05241c,Self-repairing silicone coatings for marine anti-,1
marine antifouling.zip,46.pdf,,,Advanced nanostructured surfaces for,1
marine antifouling.zip,47.pdf,,10.1016/j.susmat.2025.e01278,"Transparent superhydrophilic cellulose-based coating with anti-fogging,",1
marine antifouling.zip,48.pdf,,10.1016/j.porgcoat.2016.12.011,Progress in Organic Coatings 104 (2017) 58–63,1
marine antifouling.zip,49.pdf,,10.1016/j.jcis.2013.12.019,Feature Article,1
marine antifouling.zip,5.pdf,,10.1039/d0en00023j,"Cite this: Environ. Sci.: Nano, 2020,",1
marine antifouling.zip,50.pdf,,10.1016/j.marpolbul.2024.116931,Preparation and antifouling performance of tin-free self-polishing,1
marine antifouling.zip,51.pdf,,10.1016/j.porgcoat.2021.106356,Progress in Organic Coatings 158 (2021) 106356,1
marine antifouling.zip,52.pdf,,10.1016/j.jhazmat.2019.120984,Contents lists available at ScienceDirect,1
marine antifouling.zip,53.pdf,,10.1016/j.porgcoat.2023.107719,Progress in Organic Coatings 183 (2023) 107719,1
marine antifouling.zip,54.pdf,,10.1016/j.jes.2025.05.038,Progress in anti-biofouling materials and coatings for the marine,1
marine antifouling.zip,55.pdf,,10.1016/j.jcis.2023.01.058,Surface hydrolysis-anchored eugenol self-polishing marine antifouling,1
marine antifouling.zip,56.pdf,,10.1016/j.colsurfa.2021.127323,Colloids and Surfaces A: Physicochemical and Engineering Aspects 628 (2021) 127323,1
marine antifouling.zip,57.pdf,,10.1016/j.porgcoat.2024.108349,Progress in Organic Coatings 189 (2024) 108349,1
marine antifouling.zip,58.pdf,,10.1016/j.cej.2022.137875,Chemical Engineering Journal 449 (2022) 137875,1
marine antifouling.zip,59.pdf,,10.1016/j.polymer.2013.04.010,Effects of hydrolyzable comonomer and cross-linking on anti-biofouling,1
marine antifouling.zip,6.pdf,,10.1002/adma.202413035,RESEARCH ARTICLE,1
marine antifouling.zip,60.pdf,,10.1016/j.cej.2024.159057,A catfish Skin-inspired dual-antifouling epoxy thermoset as coatings for,1
marine antifouling.zip,61.pdf,,10.1016/j.bioactmat.2019.04.003,Contents lists available atScienceDirect,1
marine antifouling.zip,62.pdf,,10.1039/d1ma00053e,"2216 |  Mater. Adv., 2021, 2, 2216–2230 © 2021 The Author(s). Published by the Royal Society of Chemistry",1
marine antifouling.zip,63.pdf,,10.1080/08927014.2024.2443029,The Journal of Bioadhesion and Bioﬁlm Research,1
marine antifouling.zip,64.pdf,,10.1002/adfm.202310702,RESEARCH ARTICLE,1
marine antifouling.zip,65.pdf,,,/G22/G23/G21/G22,1
marine antifouling.zip,66.pdf,,10.1002/admi.202201195,2201195 (1 of 12) © 2022 Wiley-VCH GmbH,1
marine antifouling.zip,67.pdf,,10.1039/c8sm01853g,"Highlighting research from the Marine Engineering Materials Team,",1
marine antifouling.zip,68.pdf,,10.1016/j.susmat.2025.e01521,Stimuli-responsive composite coating based on dynamic metal-ligand,1
marine antifouling.zip,69.pdf,,10.1016/j.jhazmat.2022.128983,0304-3894/© 2022 Elsevier B.V. All rights reserved.,1
marine antifouling.zip,7.pdf,,10.1021/acsami.5b04234,Polysiloxane-Based Block Copolymers with Marine Bacterial Anti-,1
marine antifouling.zip,70.pdf,,10.1016/j.porgcoat.2024.108402,Progress in Organic Coatings 191 (2024) 108402,1
marine antifouling.zip,71.pdf,,10.1016/j.porgcoat.2021.106552,Progress in Organic Coatings 161 (2021) 106552,1
marine antifouling.zip,72.pdf,,10.1016/j.porgcoat.2018.08.003,Contents lists available at ScienceDirect,1
marine antifouling.zip,73.pdf,,10.1016/j.polymer.2016.03.017,Biodegradable polymers for marine antibiofouling:,1
marine antifouling.zip,74.pdf,,10.1016/j.jcis.2020.02.049,Green biolubricant infused slippery surfaces to combat marine,1
marine antifouling.zip,75.pdf,,10.1016/j.colsurfa.2022.129693,Colloids and Surfaces A: Physicochemical and Engineering Aspects 651 (2022) 129693,1
marine antifouling.zip,76.pdf,,10.1016/j.porgcoat.2023.107727,Progress in Organic Coatings 183 (2023) 107727,1
marine antifouling.zip,77.pdf,,10.1016/j.oceaneng.2023.114415,Ocean Engineering 278 (2023) 114415,1
marine antifouling.zip,78.pdf,,10.1016/j.cej.2023.142389,Chemical Engineering Journal 463 (2023) 142389,1
marine antifouling.zip,79.pdf,,10.1016/j.jmst.2022.11.029,Contents lists available at ScienceDirect,1
marine antifouling.zip,8.pdf,,10.11777/j.issn1000-3304.2018.18074,(华南理工大学材料科学与工程学院　广州 510640),1
marine antifouling.zip,80.pdf,,10.1016/j.cej.2025.164362,Nature-inspired silicone-polythiourethane coatings based on capsaicin,1
marine antifouling.zip,81.pdf,,10.1039/d1mh01103k,"This journal is © The Royal Society of Chemistry 2021 Mater. Horiz., 2021, 8, 3201–3238 |  3201",1
marine antifouling.zip,82.pdf,,10.1080/21622515.2024.2317819,Environmental Technology Reviews,1
marine antifouling.zip,83.pdf,,10.1002/cjoc.202300321,*E-mail: msgzzhang@scut.edu.cn,1
marine antifouling.zip,84.pdf,,10.1002/adfm.202305995,RESEARCH ARTICLE,1
marine antifouling.zip,85.pdf,,,Information Systems Engineering and Management 43,1
marine antifouling.zip,86.pdf,,10.1002/admi.202201882,2201882 (1 of 11) © 2023 The Authors. Advanced Materials Interfaces published by Wiley-VCH GmbH,1
marine antifouling.zip,87.pdf,,10.1016/j.heliyon.2024.e28513,Heliyon 10 (2024) e28513,1
marine antifouling.zip,88.pdf,,10.1016/j.jece.2018.10.050,Contents lists available at ScienceDirect,1
marine antifouling.zip,89.pdf,,10.1016/j.cej.2023.142769,Chemical Engineering Journal 464 (2023) 142769,1
marine antifouling.zip,9.pdf,,10.1002/adfm.202502816,RESEARCH ARTICLE,1
marine antifouling.zip,90.pdf,,10.1016/j.jmst.2024.05.025,Contents lists available at ScienceDirect,1
marine antifouling.zip,91.pdf,,10.1016/j.colsurfb.2012.04.045,Colloids and Surfaces B: Biointerfaces 100 (2012) 31– 35,1
marine antifouling.zip,92.pdf,,10.1016/j.cis.2020.102264,Historical Perspective,1
marine antifouling.zip,93.pdf,,10.1016/j.porgcoat.2019.05.027,Contents lists available at ScienceDirect,1
marine antifouling.zip,94.pdf,,10.1016/j.porgcoat.2019.03.020,Contents lists available atScienceDirect,1
marine antifouling.zip,95.pdf,,10.1016/j.progpolymsci.2024.101840,Progress in Polymer Science 154 (2024) 101840,1
marine antifouling.zip,96.pdf,,10.1016/j.porgcoat.2023.107939,Progress in Organic Coatings 185 (2023) 107939,1
marine antifouling.zip,97.pdf,,10.1016/j.porgcoat.2021.106674,Progress in Organic Coatings 163 (2022) 106674,1
marine antifouling.zip,98.pdf,,10.1016/j.jcis.2021.04.031,Regular Article,1
marine antifouling.zip,99.pdf,,10.1016/j.porgcoat.2024.108743,MarinebiofoulingmitigationofPDMS-basednetworkcoatingwith,1
marine antifouling.zip,Adv Funct Materials - 2025 - Chen - Poly N‐isopropylacrylamide  Self‐Fabricated Coating for Marine Anti‐Biofouling.pdf,,10.1002/adfm.202525696,RESEARCH ARTICLE,1
marine antifouling.zip,Adv Funct Materials - 2025 - Shu - Fluorine‐Free Amphiphilic Copolymers for Broad‐Spectrum Marine Biofouling Deterrence.pdf,,10.1002/adfm.202502065,RESEARCH ARTICLE,1
marine antifouling.zip,Adv Funct Materials - 2025 - Zhang - Self‐Reinforcing Gradient Antifouling Coating with High Adhesion  On‐Demand.pdf,,10.1002/adfm.202508400,RESEARCH ARTICLE,1
marine antifouling.zip,Adv Materials Inter - 2019 - Xie - Self‐Stratifying Silicone Coating with Nonleaching Antifoulant for Marine.pdf,,10.1002/admi.201900535,"1900535 (1 of 9) © 2019 WILEY-VCH Verlag GmbH & Co. KGaA, Weinheim",1
marine antifouling.zip,Adv Materials Inter - 2024 - Jeong - Polydopamine‐Mediated  Amphiphilic Poly Carboxybetaine Methacrylamide‐r‐Trifluoroethyl.pdf,,10.1002/admi.202300871,RESEARCH ARTICLE,1
marine antifouling.zip,Adv Materials Inter - 2024 - Koschitzki - Marine Fouling Release Performance of Amphiphilic Carboxybetaine.pdf,,10.1002/admi.202400370,RESEARCH ARTICLE,1
marine antifouling.zip,Adv Materials Inter - 2025 - Do - Sediment‐Resistant Marine Antifouling Coating Based on Amphiphilic Copolymer Brushes.pdf,,10.1002/admi.202500491,RESEARCH ARTICLE,1
marine antifouling.zip,Adv Materials Technologies - 2025 - Chen - A Self‐Polishing Coating with Dual Anti‐Fouling Strategies and its Preparation.pdf,,10.1002/admt.202401534,RESEARCH ARTICLE,1
marine antifouling.zip,amphiphilic-dicyclopentenyl-carboxybetaine-containing-copolymers-for-marine-fouling-release-applications.pdf,,10.1021/acsami.0c07599,Amphiphilic Dicyclopentenyl/Carboxybetaine-Containing,1
marine antifouling.zip,amphiphilic-poly(sbma-co-egdea)-coatings-for-marine-antifouling-insights-into-design-criteria-for-hydrophobic-monomers.pdf,,10.1021/acs.biomac.5c00875,AmphiphilicPoly(SBMA-co-EGDEA)CoatingsforMarineAntifouling:,1
marine antifouling.zip,Antifouling properties of amphiphilic poly 3-hydroxyalkanoate   an environmentally-friendly coating.pdf,,10.1080/08927014.2021.1981298,The Journal of Bioadhesion and Bioﬁlm Research,1
marine antifouling.zip,antifouling-and-antimicrobial-coatings-from-zwitterionic-and-cationic-binary-polymer-brushes-assembled-via-click.pdf,,10.1021/acs.iecr.7b03132,Antifouling and Antimicrobial Coatings from Zwitterionic and,1
marine antifouling.zip,antifouling-and-bactericidal-zwitterionic-polymer-coatings-with-synergistic-inhibitory-and-killing-properties.pdf,,10.1021/acsabm.4c01776,AntifoulingandBactericidalZwitterionicPolymerCoatingswith,1
marine antifouling.zip,biodegradable-polymer-with-hydrolysis-induced-zwitterions-for-antibiofouling (1).pdf,,10.1021/acsami.8b00962,Biodegradable Polymer with Hydrolysis-Induced Zwitterions for,1
marine antifouling.zip,biodegradable-polymer-with-hydrolysis-induced-zwitterions-for-antibiofouling (2).pdf,,10.1021/acsami.1c06030,Bioinspired Durable Antibacterial and Antifouling Coatings Based,1
marine antifouling.zip,biodegradable-polymer-with-hydrolysis-induced-zwitterions-for-antibiofouling (3).pdf,,10.1021/acsami.4c06525,Bioinspired Sulfobetaine Borneol Fluorinated Amphiphilic Polymers,1
marine antifouling.zip,biodegradable-polymer-with-hydrolysis-induced-zwitterions-for-antibiofouling (4).pdf,,10.1039/c8nj04298e,"19908 | New J. Chem., 2018, 42, 19908- -19916 This journal is© The Royal Society of Chemistry and the Centre National de la Recherche Scientifique 2018",1
marine antifouling.zip,biodegradable-polymer-with-hydrolysis-induced-zwitterions-for-antibiofouling (5).pdf,,10.3390/coatings11111345,Design and Preparation of PU/EP Blend Resin Grafted by,1
marine antifouling.zip,biodegradable-polymer-with-hydrolysis-induced-zwitterions-for-antibiofouling (6).pdf,,10.3390/coatings12070891,"Citation: Dong, M.; Liu, L.; Wang, D.;",1
marine antifouling.zip,biodegradable-polymer-with-hydrolysis-induced-zwitterions-for-antibiofouling (7).pdf,,10.3390/coatings12070988,"Citation: Liu, J.; Sun, J.; Duan, J.;",1
marine antifouling.zip,biodegradable-polymer-with-hydrolysis-induced-zwitterions-for-antibiofouling (8).pdf,,10.3390/coatings13091643,"Citation: Wang, D.; Liu, R.; Liu, X.;",1
marine antifouling.zip,biodegradable-polymer-with-hydrolysis-induced-zwitterions-for-antibiofouling (9).pdf,,10.3390/coatings15050588,Academic Editor: Ivan Jerman,1
marine antifouling.zip,MARINEBIOFOULINGINHEATEXCHANGERS.pdf,,,"See discussions, stats, and author profiles for this publication at: https://www.researchgate.net/publication/260204618",1
marine antifouling.zip,pan-et-al-2020-from-the-nature-for-the-nature-an-eco-friendly-antifouling-coating-consisting-of-poly(lactic-acid)-based.pdf,,10.1021/acssuschemeng.9b06917,“From the Nature for the Nature ”: An Eco-Friendly Antifouling,1
marine antifouling.zip,R-102.pdf,,10.1039/d1py00512j,rsc.li/polymers,1
marine antifouling.zip,R-103.pdf,,10.1039/d1py00810b,"Cite this: Polym. Chem., 2021, 12,",1
marine antifouling.zip,R-104.pdf,,10.1039/d1qi01203g,INORGANIC CHEMISTRY,1
marine antifouling.zip,R-106.pdf,,10.1021/acsami.9b01247,Biodegradable Poly(ester- co-acrylate) with Antifoulant Pendant,1
marine antifouling.zip,R-107.pdf,,10.1021/acsami.9b16775,Self-Generating and Self-Renewing Zwitterionic Polymer Surfaces,1
marine antifouling.zip,R-108.pdf,,10.1021/acsami.1c02273,Kill−Resist−Renew Trinity: Hyperbranched Polymer with Self-,1
marine antifouling.zip,R-109.pdf,,10.1073/pnas.1201973109/-/DCSupplemental,Liquid-infused structured surfaces with exceptional,1
marine antifouling.zip,R-110.pdf,,10.22207/JPAM.17.3.02,"Citation: Subbaiyan R, Ganesan A, Varadharajan V. Bioprospecting and Exploration of the Natural Antifouling Approaches against",1
marine antifouling.zip,R-111.pdf,,,"Sustainability, Agri, Food and Environmental Research, (ISSN: 0719-3726), 10(X), 2022:",1
marine antifouling.zip,R-113.pdf,,10.1021/acs.langmuir.1c00984,Silicone Elastomer with Self-Generating Zwitterions for Antifouling,1
marine antifouling.zip,水凝胶-骨修复-105.pdf,,10.1039/d3mh00544e,"This journal is © The Royal Society of Chemistry 2023 Mater. Horiz., 2023, 10, 3797–3806 |  3797",1
marine antifouling.zip,海洋去污微生物.pdf,,10.1016/j.pmatsci.2017.02.001,Recent progress in marine foul-release polymeric,1
marine antifouling2.zip,!1-s2.0-S0009261421006771-main.pdf,S0009261421006771,10.1016/j.cplett.2021.138994,Chemical Physics Letters 781 (2021) 138994,1
marine antifouling2.zip,!1-s2.0-S0257897225004852-main.pdf,S0257897225004852,10.1016/j.surfcoat.2025.132211,Eco-friendly quaternary ammonium modified PDMS coatings with,1
marine antifouling2.zip,!1-s2.0-S0300944015300333-main.pdf,S0300944015300333,10.1016/j.porgcoat.2015.06.022,Progress in Organic Coatings 88 (2015) 92–105,1
marine antifouling2.zip,!1-s2.0-S0300944016301266-main.pdf,S0300944016301266,10.1016/j.porgcoat.2016.10.028,Progress in Organic Coatings 103 (2017) 126–134,1
marine antifouling2.zip,!1-s2.0-S0300944020311425-main.pdf,S0300944020311425,10.1016/j.porgcoat.2020.105931,Progress in Organic Coatings 149 (2020) 105931,1
marine antifouling2.zip,!layer-by-layer-click-deposition-of-functional-polymer-coatings-for-combating-marine-biofouling.pdf,,10.1021/bm300757e,Layer-by-Layer Click Deposition of Functional Polymer Coatings for,1
marine antifouling2.zip,!Letters Applied Microbiology - 2015 - Ajit Walter - Assessment of antifouling efficacy of polyhedral oligomeric.pdf,,10.1111/lam.12457,ORIGINAL ARTICLE,1
marine antifouling2.zip,!probing-the-structural-dependence-of-carbon-space-lengths-of-poly(n-hydroxyalkyl-acrylamide)-based-brushes-on.pdf,,10.1021/bm500598a,Probing the Structural Dependence of Carbon Space Lengths of,1
marine antifouling2.zip,!relevance-of-the-hydrolysis-state-of-silyl-acrylate-based-coatings-on-their-antifouling-performance.pdf,,10.1021/acsami.5c25268,RelevanceoftheHydrolysisStateofSilylAcrylate-BasedCoatings,1
marine antifouling2.zip,!s11998-016-9801-9.pdf,,10.1007/s11998-016-9801-9,Long-term stability of PEG-based antifouling surfaces,1
marine antifouling2.zip,!s11998-024-01018-y.pdf,,10.1007/s11998-,Synthesis of eugenol ester-based sily-acrylate polymer and its,1
marine antifouling2.zip,#1-s2.0-S0001868620300464-main.pdf,S0001868620300464,10.1016/j.cis.2020.102141,Historical perspective,1
marine antifouling2.zip,#1-s2.0-S0009250919305457-main.pdf,S0009250919305457,10.1016/j.ces.2019.06.042,Slime-resistant marine anti-biofouling coating with PVP-based,1
marine antifouling2.zip,#1-s2.0-S0257897224011782-main.pdf,S0257897224011782,10.1016/j.surfcoat.2024.131547,A bio-inspired liquid-like smooth copolymer coating with superior,1
marine antifouling2.zip,#1-s2.0-S1381514817301335-main.pdf,S1381514817301335,10.1016/j.reactfunctpolym.2017.07.006,Contents lists available at ScienceDirect,1
marine antifouling2.zip,#1-s2.0-S2214993724001957-main.pdf,S2214993724001957,10.1016/j.susmat.2024.e01015,Development of a mechanically robust silicon-based cross-linking polymer,1
marine antifouling2.zip,#1-s2.0-S2468013325000580-main.pdf,S2468013325000580,10.1016/j.joes.2025.08.011,Research progress of environmentally friendly degradable marine,1
marine antifouling2.zip,#Adv Funct Materials - 2020 - Maan - Recent Developments and Practical Feasibility of Polymer‐Based Antifouling Coatings.pdf,,10.1002/adfm.202000936,"2000936 (1 of 30) © 2020 The Authors. Published by WILEY-VCH Verlag GmbH & Co. KGaA, Weinheim",1
marine antifouling2.zip,#Advanced Materials - 2025 - Huang - Leveraging Polymeric Design for Marine Anti‐Biofouling  Mechanism  System  and Future.pdf,,10.1002/adma.202518234,LeveragingPolymericDesignforMarineAnti-Biofouling:,1
marine antifouling2.zip,#amphiphilic-zwitterionic-acrylate-methacrylate-copolymers-for-marine-fouling-release-coatings.pdf,,10.1021/acs.langmuir.1c00428,Amphiphilic Zwitterionic Acrylate/Methacrylate Copolymers for,1
marine antifouling2.zip,#annurev-chembioeng-060718-030401.pdf,,10.1146/annurev-chembioeng-,"Downloaded from www.annualreviews.org.  Guest (guest) IP:  111.117.112.151 On: Fri, 06 Feb 2026 02:33:38",1
marine antifouling2.zip,#B801491D.pdf,,10.1039/b801491d,Advances in polymers for anti-biofouling,1
marine antifouling2.zip,#C8SM01853G.pdf,,10.1039/c8sm01853g,"Highlighting research from the Marine Engineering Materials Team,",1
marine antifouling2.zip,#D2TB01851A.pdf,,10.1039/d2tb01851a,"This journal is © The Royal Society of Chemistry 2022 J. Mater. Chem. B, 2022, 10, 9295–9304 |  9295",1
marine antifouling2.zip,#degradable-vinyl-polymers-for-combating-marine-biofouling.pdf,,10.1021/acs.accounts.2c00187,Degradable Vinyl Polymers for Combating Marine Biofouling,1
marine antifouling2.zip,#Macromolecular Rapid Communications - 2016 - Dundua - Improved Antifouling Properties of Polydimethylsiloxane Films via.pdf,,10.1002/marc.201600473,Rapid Communications,1
marine antifouling2.zip,#Macromolecular Rapid Communications - 2017 - Galli - Amphiphilic Polymer Platforms  Surface Engineering of Films for Marine (1).pdf,,10.1002/marc.201600704,Rapid Communications,1
marine antifouling2.zip,#Macromolecular Rapid Communications - 2017 - Galli - Amphiphilic Polymer Platforms  Surface Engineering of Films for Marine.pdf,,10.1002/marc.201600704,Rapid Communications,1
marine antifouling2.zip,#pj2015137.pdf,,10.1038/pj.2015.137,Anti-fouling behavior of polymer brush immobilized,1
marine antifouling2.zip,#s10965-020-02054-z.pdf,,10.1007/s10965-020-02054-z,An overview of controlled-biocide-release coating based on polymer,1
marine antifouling2.zip,#s10965-022-03041-2.pdf,,10.1007/s10965-022-03041-2,Vol.:(0123456789)1 3,1
marine antifouling2.zip,#s11998-010-9307-9.pdf,,10.1007/s11998-010-9307-9,Waterborne polysiloxane–urethane–urea for potential,1
marine antifouling2.zip,#s11998-021-00526-5.pdf,,10.1007/s11998-,Integration of antifouling and foul-release moieties,1
marine antifouling2.zip,#s11998-021-00581-y.pdf,,10.1007/s11998-021-00581-y,Study on the acrylate coating with chemically bonded functional,1
marine antifouling2.zip,#综述1-s2.0-S0079670014000227-main.pdf,S0079670014000227,10.1016/j.progpolymsci.2014.02.002,Progress in Polymer Science 39 (2014) 1017–1042,1
marine antifouling2.zip,@1-s2.0-S0014305717308911-main.pdf,S0014305717308911,10.1016/j.eurpolymj.2017.09.019,Contents lists available at ScienceDirect,1
marine antifouling2.zip,@1-s2.0-S0014305718306694-main.pdf,S0014305718306694,10.1016/j.eurpolymj.2018.07.025,Contents lists available at ScienceDirect,1
marine antifouling2.zip,@1-s2.0-S0014305719301764-main.pdf,S0014305719301764,10.1016/j.eurpolymj.2019.05.002,Contents lists available at ScienceDirect,1
marine antifouling2.zip,@1-s2.0-S001430572200533X-main.pdf,S001430572200533X,10.1016/j.eurpolymj.2022.111529,European Polymer Journal 179 (2022) 111529,1
marine antifouling2.zip,@1-s2.0-S0021979721023316-main.pdf,S0021979721023316,10.1016/j.jcis.2021.12.187,Synergistically Improved Antifouling Efﬁciency of a Bioinspired,1
marine antifouling2.zip,@1-s2.0-S0021979723000644-main.pdf,S0021979723000644,10.1016/j.jcis.2023.01.058,Surface hydrolysis-anchored eugenol self-polishing marine antifouling,1
marine antifouling2.zip,@1-s2.0-S0032386113003248-main.pdf,S0032386113003248,10.1016/j.polymer.2013.04.010,Effects of hydrolyzable comonomer and cross-linking on anti-biofouling,1
marine antifouling2.zip,@1-s2.0-S0032386116311089-main.pdf,S0032386116311089,10.1016/j.polymer.2016.12.021,PDMS-based ﬁlms containing surface-active amphiphilic block,1
marine antifouling2.zip,@1-s2.0-S0079670022000144-main.pdf,S0079670022000144,10.1016/j.progpolymsci.2022.101516,Progress in Polymer Science 127 (2022) 101516,1
marine antifouling2.zip,@1-s2.0-S0142941823001708-main.pdf,S0142941823001708,10.1016/j.polymertesting.2023.108090,Polymer Testing 124 (2023) 108090,1
marine antifouling2.zip,@1-s2.0-S0169433215006960-main.pdf,S0169433215006960,10.1016/j.apsusc.2015.03.101,Applied Surface Science 344 (2015) 17–26,1
marine antifouling2.zip,@1-s2.0-S0169433218323572-main.pdf,S0169433218323572,10.1016/j.apsusc.2018.08.214,Contents lists available at ScienceDirect,1
marine antifouling2.zip,@1-s2.0-S0254058420314620-main.pdf,S0254058420314620,10.1016/j.matchemphys.2020.124102,Materials Chemistry and Physics 261 (2021) 124102,1
marine antifouling2.zip,@1-s2.0-S0300944018305496-main.pdf,S0300944018305496,10.1016/j.porgcoat.2018.08.003,Contents lists available at ScienceDirect,1
marine antifouling2.zip,@1-s2.0-S0300944019311543-main.pdf,S0300944019311543,10.1016/j.porgcoat.2019.105510,Contents lists available at ScienceDirect,1
marine antifouling2.zip,@1-s2.0-S0300944019314511-main.pdf,S0300944019314511,10.1016/j.porgcoat.2019.105524,Contents lists available at ScienceDirect,1
marine antifouling2.zip,@1-s2.0-S0300944020311863-main.pdf,S0300944020311863,10.1016/j.porgcoat.2020.105975,Progress in Organic Coatings 150 (2021) 105975,1
marine antifouling2.zip,@1-s2.0-S0300944021000114-main.pdf,S0300944021000114,10.1016/j.porgcoat.2021.106141,Progress in Organic Coatings 153 (2021) 106141,1
marine antifouling2.zip,@1-s2.0-S0300944022005409-main.pdf,S0300944022005409,10.1016/j.porgcoat.2022.107243,Progress in Organic Coatings 174 (2023) 107243,1
marine antifouling2.zip,@1-s2.0-S0300944022006683-main.pdf,S0300944022006683,10.1016/j.porgcoat.2022.107371,Progress in Organic Coatings 175 (2023) 107371,1
marine antifouling2.zip,@1-s2.0-S0300944023005428-main.pdf,S0300944023005428,10.1016/j.porgcoat.2023.107946,Progress in Organic Coatings 186 (2024) 107946,1
marine antifouling2.zip,@1-s2.0-S0300944023007610-main.pdf,S0300944023007610,10.1016/j.porgcoat.2023.108165,Progress in Organic Coatings 187 (2024) 108165,1
marine antifouling2.zip,@1-s2.0-S030094402400153X-main.pdf,S030094402400153X,10.1016/j.porgcoat.2024.108361,Progress in Organic Coatings 190 (2024) 108361,1
marine antifouling2.zip,@1-s2.0-S0300944024002637-main.pdf,S0300944024002637,10.1016/j.porgcoat.2024.108471,Progress in Organic Coatings 192 (2024) 108471,1
marine antifouling2.zip,@1-s2.0-S0300944024005356-main.pdf,S0300944024005356,10.1016/j.porgcoat.2024.108743,MarinebiofoulingmitigationofPDMS-basednetworkcoatingwith,1
marine antifouling2.zip,@1-s2.0-S0300944025000876-main.pdf,S0300944025000876,10.1016/j.porgcoat.2025.109138,Schiff base modified polyurethane coating with enhanced mechanical,1
marine antifouling2.zip,@1-s2.0-S030094402500092X-main.pdf,S030094402500092X,10.1016/j.porgcoat.2025.109143,"Transparent, hydrophobic, self-polishing organosilicon-modified zinc",1
marine antifouling2.zip,@1-s2.0-S0300944025001924-main.pdf,S0300944025001924,10.1016/j.porgcoat.2025.109243,"Cationic, hydrolysable side-chain regulated self-renewal brush copolymers",1
marine antifouling2.zip,@1-s2.0-S0300944025003066-main.pdf,S0300944025003066,10.1016/j.porgcoat.2025.109357,Coral biomimetic PDMS marine antifouling coating based on the intrinsic,1
marine antifouling2.zip,@1-s2.0-S0300944025006502-main.pdf,S0300944025006502,10.1016/j.porgcoat.2025.109701,Antifouling behaviour of pH responsive amphiphilic smart coatings on the,1
marine antifouling2.zip,@1-s2.0-S0300944025006915-main.pdf,S0300944025006915,10.1016/j.porgcoat.2025.109742,Silicone based polyurea antifouling coatings modified by polyethylene,1
marine antifouling2.zip,@1-s2.0-S0927776511000695-main.pdf,S0927776511000695,10.1016/j.colsurfb.2011.02.007,Colloids and Surfaces B: Biointerfaces 85 (2011) 125–130,1
marine antifouling2.zip,@1-s2.0-S0927776519306629-main.pdf,S0927776519306629,10.1016/j.colsurfb.2019.110518,Contents lists available at ScienceDirect,1
marine antifouling2.zip,@1-s2.0-S0927776522000753-main.pdf,S0927776522000753,10.1016/j.colsurfb.2022.112392,Colloids and Surfaces B: Biointerfaces 213 (2022) 112392,1
marine antifouling2.zip,@1-s2.0-S0927776522003551-main.pdf,S0927776522003551,10.1016/j.colsurfb.2022.112672,Colloids and Surfaces B: Biointerfaces 217 (2022) 112672,1
marine antifouling2.zip,@1-s2.0-S0927776524002212-main.pdf,S0927776524002212,10.1016/j.colsurfb.2024.113962,Colloids and Surfaces B: Biointerfaces 239 (2024) 113962,1
marine antifouling2.zip,@1-s2.0-S095965262303696X-main.pdf,S095965262303696X,10.1016/j.jclepro.2023.139538,0959-6526/© 2023 Elsevier Ltd. All rights reserved.,1
marine antifouling2.zip,@1-s2.0-S1004954122003512-main.pdf,S1004954122003512,10.1016/j.cjche.2022.09.004,Full Length Article,1
marine antifouling2.zip,@1-s2.0-S1381514821001668-main.pdf,S1381514821001668,10.1016/j.reactfunctpolym.2021.104974,Reactive and Functional Polymers 165 (2021) 104974,1
marine antifouling2.zip,@1-s2.0-S1385894719312823-main.pdf,S1385894719312823,10.1016/j.cej.2019.06.025,Contents lists available at ScienceDirect,1
marine antifouling2.zip,@1-s2.0-S1385894720337980-main.pdf,S1385894720337980,10.1016/j.cej.2020.127676,Chemical Engineering Journal 420 (2021) 127676,1
marine antifouling2.zip,@1-s2.0-S1385894720342509-main.pdf,S1385894720342509,10.1016/j.cej.2020.128134,Chemical Engineering Journal 409 (2021) 128134,1
marine antifouling2.zip,@1-s2.0-S1385894721040493-main.pdf,S1385894721040493,10.1016/j.cej.2021.132471,Chemical Engineering Journal 429 (2022) 132471,1
marine antifouling2.zip,@1-s2.0-S1385894722033617-main.pdf,S1385894722033617,10.1016/j.cej.2022.137875,Chemical Engineering Journal 449 (2022) 137875,1
marine antifouling2.zip,@1-s2.0-S1385894724014141-main.pdf,S1385894724014141,10.1016/j.cej.2024.149929,Chemical Engineering Journal 486 (2024) 149929,1
marine antifouling2.zip,@1-s2.0-S1385894724105487-main.pdf,S1385894724105487,10.1016/j.cej.2024.159057,A catfish Skin-inspired dual-antifouling epoxy thermoset as coatings for,1
marine antifouling2.zip,@1-s2.0-S138589472504015X-main.pdf,S138589472504015X,10.1016/j.cej.2025.163181,Engineered design of self-cleaning and antifouling organosilicon/,1
marine antifouling2.zip,@1-s2.0-S1385894725049228-main.pdf,S1385894725049228,10.1016/j.cej.2025.164087,Facile fabrication of polyacrylate-siloxane antifouling coatings with,1
marine antifouling2.zip,@1-s2.0-S1385894725051976-main.pdf,S1385894725051976,10.1016/j.cej.2025.164362,Nature-inspired silicone-polythiourethane coatings based on capsaicin,1
marine antifouling2.zip,@1-s2.0-S1385894725106712-main.pdf,S1385894725106712,10.1016/j.cej.2025.169828,Self-renewing zwitterionic silicone hybrid coatings with multi-modal,1
marine antifouling2.zip,@1-s2.0-S1742706116300733-main.pdf,S1742706116300733,10.1016/j.actbio.2016.02.030,Molecular level studies on interfacial hydration of zwitterionic,1
marine antifouling2.zip,@1-s2.0-S2352940725000307-main.pdf,S2352940725000307,10.1016/j.apmt.2025.102611,Robust non-sticky/sticky antifouling coating capable of temporal evolution,1
marine antifouling2.zip,@1-s2.0-S2468023026001148-main.pdf,S2468023026001148,10.1016/j.surfin.2026.108527,Self-healing and self-renewing low surface energy fluorescent antifouling,1
marine antifouling2.zip,@21.pdf,,10.1039/d0tb00886a,Materials for biology and medicine,1
marine antifouling2.zip,@24.pdf,,10.1002/adfm.202424994,RESEARCH ARTICLE,1
marine antifouling2.zip,@29.pdf,,10.1016/j.cej.2024.149959,Chemical Engineering Journal 485 (2024) 149959,1
marine antifouling2.zip,@coral-inspired-zinc-acrylate-polymer-utilizing-coumarin-as-the-fluorescent-unit-for-marine-antifouling.pdf,,10.1021/acs.biomac.4c01574,ZincAcrylatePolymerUtilizingCoumarinasthe,1
marine antifouling2.zip,@D0TB00886A.pdf,,10.1039/d0tb00886a,Materials for biology and medicine,1
marine antifouling2.zip,@d1cs00658d.pdf,,10.1039/d1cs00658d,"11668 |  Chem. Soc. Rev., 2021, 50, 11668–11683 This journal is © The Royal Society of Chemistry 2021",1
marine antifouling2.zip,@D2TB02522A.pdf,,10.1039/d2tb02522a,"2904 |  J. Mater. Chem. B, 2023, 11, 2904–2915 This journal is © The Royal Society of Chemistry 2023",1
marine antifouling2.zip,@formation-of-amphiphilic-zwitterionic-thin-poly(sbma-co-tfema)-brushes-on-solid-surfaces-for-marine-antifouling.pdf,,10.1021/acs.langmuir.3c03687,Formation of Amphiphilic Zwitterionic Thin Poly(SBMA-co-TFEMA),1
marine antifouling2.zip,@Functional polymer brushes via surface-initiated atom transfer radical graft polymerization for combating marine biofouling.pdf,,10.1080/08927014.2012.719895,The Journal of Bioadhesion and Bioﬁlm Research,1
marine antifouling2.zip,@highly-branched-copolymers-with-degradable-bridges-for-antifouling-coatings.pdf,,10.1021/acsami.9b22748,Highly Branched Copolymers with Degradable Bridges for,1
marine antifouling2.zip,@ijms-26-04118.pdf,,10.3390/ijms26094118,Academic Editor: Rosie Yagmur Yegin,1
marine antifouling2.zip,@J of Applied Polymer Sci - 2009 - Subramanyam - Synthesis  characterization  and evaluation of antifouling polymers of.pdf,,10.1002/app.29313,"Synthesis, Characterization, and Evaluation of",1
marine antifouling2.zip,@J of Applied Polymer Sci - 2014 - Zhan - Preparation  surface wetting properties  and protein adsorption resistance of.pdf,,10.1002/app.41167,"Preparation, Surface Wetting Properties, and Protein Adsorption",1
marine antifouling2.zip,@J of Applied Polymer Sci - 2016 - Chen - Poly propylene carbonate  polyurethane self‐polishing coating for marine.pdf,,10.1002/app.43667,Poly(propylene carbonate) polyurethane self-polishing,1
marine antifouling2.zip,@J of Applied Polymer Sci - 2016 - Wu - Highly efficient antifouling property based on self‐generating hydrogel layer of.pdf,,10.1002/app.44111,Highly efficient antifouling property based on self-generating,1
marine antifouling2.zip,@J of Applied Polymer Sci - 2025 - Zhou - Dopamine‐Assisted Rapid Construction of Zwitterionic Polymeric Coating for.pdf,,10.1002/app.58083,"1 of 13Journal of Applied Polymer Science, 2026; 143:e58083",1
marine antifouling2.zip,@Macromolecular Rapid Communications - 2019 - Schönemann - Synthesis of Novel Sulfobetaine Polymers with Differing Dipole.pdf,,10.1002/marc.201900447,"1900447 (1 of 7) © 2019 The Authors. Published by WILEY-VCH Verlag GmbH & Co. KGaA, Weinheim",1
marine antifouling2.zip,@Macromolecular Rapid Communications - 2021 - Schardt - Low Fouling Polysulfobetaines with Variable Hydrophobic Content.pdf,,10.1002/marc.202100589,RESEARCH ARTICLE,1
marine antifouling2.zip,@Marine antifouling performance of polymer coatings incorporating zwitterions.pdf,,10.1080/08927014.2017.1383983,The Journal of Bioadhesion and Bioﬁlm Research,1
marine antifouling2.zip,@marine-antifouling-coatings-based-on-durable-bottlebrush-polymers.pdf,,10.1021/acsami.2c06647,Marine Antifouling Coatings Based on Durable Bottlebrush,1
marine antifouling2.zip,@molecules-28-08040.pdf,,10.3390/molecules28248040,"Citation: Xu, K.; Xie, H.; Sun, C.;",1
marine antifouling2.zip,@nitroxide-containing-amphiphilic-random-terpolymers-for-marine-antifouling-and-fouling-release-coatings.pdf,,10.1021/acsami.2c23213,Nitroxide-ContainingAmphiphilicRandomTerpolymersforMarine,1
marine antifouling2.zip,@pj201577.pdf,,10.1038/pj.2015.77,ORIGINAL ARTICLE,1
marine antifouling2.zip,@Polymer Engineering   Sci - 2009 - Feng - Synthesis and antibiofouling properties of novel crosslinkable terpolymers.pdf,,10.1002/pen.21619,Synthesis and Antibiofouling Properties of Novel,1
marine antifouling2.zip,@polymers-13-03414-v2.pdf,,10.3390/polym13193414,Amphiphilic Polyphosphonate Copolymers as New Additives,1
marine antifouling2.zip,@polymers-14-04589.pdf,,10.3390/polym14214589,"Citation: Guazzelli, E.; Oliva, M.;",1
marine antifouling2.zip,@preparation-and-performance-of-caster-oil-polyurethane-marine-antifouling-coatings-with-acrylamide-quaternary-ammonium.pdf,,10.1021/acs.langmuir.4c04584,PreparationandPerformanceofCasterOilPolyurethaneMarine,1
marine antifouling2.zip,@s00289-018-2302-5.pdf,,10.1007/s00289-018-2302-5,Preparation of novel marine antifouling polyurethane,1
marine antifouling2.zip,@s11998-021-00561-2.pdf,,10.1007/s11998-,Amphiphilic marine coating systems of self-stratiﬁed,1
marine antifouling2.zip,@s11998-024-01023-1.pdf,,10.1007/s11998-,Comparison of zwitterions in amphiphilic PDMS-based,1
marine antifouling2.zip,@s11998-025-01163-y.pdf,,10.1007/s11998-025-01163-y,ORIGINAL RESEARCH,1
marine antifouling2.zip,@s41427-025-00606-7.pdf,,10.1038/s41427-025-00606-7,Jeong et al. NPG Asia Materials (2025) 17:24,1
marine antifouling2.zip,@s41598-020-67073-8.pdf,,10.1038/s41598-020-67073-8,1Scientific  RepoRtS  |        (2020) 10:10375  | https://doi.org/10.1038/s41598-020-67073-8,1
marine antifouling2.zip,@self-cross-linking-degradable-polymers-for-antifouling-coatings.pdf,,10.1021/acs.iecr.7b00557,Self-Cross-Linking Degradable Polymers for Antifouling Coatings,1
marine antifouling2.zip,@self-generating-and-self-renewing-zwitterionic-polymer-surfaces-for-marine-anti-biofouling.pdf,,10.1021/acsami.9b16775,Self-Generating and Self-Renewing Zwitterionic Polymer Surfaces,1
marine antifouling2.zip,@strategy-for-fabricating-degradable-low-surface-energy-cross-linked-networks-with-excellent-anti-fouling-properties.pdf,,10.1021/acsami.4c19192,Strategy for Fabricating Degradable Low-Surface-Energy Cross-,1
marine antifouling2.zip,@surface-enriched-amphiphilic-polysiloxane-coating-with-superior-antifouling-ability-and-strong-substrate-adhesion.pdf,,10.1021/acsapm.3c00199,Surface-Enriched Amphiphilic Polysiloxane Coating with Superior,1
marine antifouling2.zip,@synthesis-and-characterization-of-ultralow-fouling-poly(n-acryloyl-glycinamide)-brushes.pdf,,10.1021/acs.langmuir.7b03435,Synthesis and Characterization of Ultralow Fouling Poly( N‑acryloyl-,1
marine antifouling2.zip,！1-2-4-triazolo-quinazolinones-as-effective-antifoulants-molecular-design-synthesis-and-biological-evaluation.pdf,,10.1021/acs.langmuir.4c01393,"1,2,4-Triazolo-quinazolinones as Effective Antifoulants: Molecular",1
marine antifouling2.zip,！1-s2.0-S0014305719326035-main.pdf,S0014305719326035,10.1016/j.eurpolymj.2020.109536,Contents lists available at ScienceDirect,1
marine antifouling2.zip,！1-s2.0-S0025326X24013249-main.pdf,,10.1016/j.marpolbul.2024.117347,Developing a novel antibacterial coating system for marine corrosion and,1
marine antifouling2.zip,！1-s2.0-S0167577X20302019-main.pdf,,10.1016/j.matlet.2020.127496,Featured Letter,1
marine antifouling2.zip,！1-s2.0-S0169433222005864-main.pdf,S0169433222005864,10.1016/j.apsusc.2022.153019,Applied Surface Science 589 (2022) 153019,1
marine antifouling2.zip,！1-s2.0-S0169433225015764-main.pdf,S0169433225015764,10.1016/j.apsusc.2025.163861,Full Length Article,1
marine antifouling2.zip,！1-s2.0-S0300944020304239-main.pdf,S0300944020304239,10.1016/j.porgcoat.2020.105841,Contents lists available at ScienceDirect,1
marine antifouling2.zip,！1-s2.0-S0300944022005227-main.pdf,S0300944022005227,10.1016/j.porgcoat.2022.107225,Progress in Organic Coatings 173 (2022) 107225,1
marine antifouling2.zip,！1-s2.0-S0300944022006476-main.pdf,S0300944022006476,10.1016/j.porgcoat.2022.107350,Progress in Organic Coatings 175 (2023) 107350,1
marine antifouling2.zip,！1-s2.0-S0300944023004332-main.pdf,S0300944023004332,10.1016/j.porgcoat.2023.107837,Progress in Organic Coatings 184 (2023) 107837,1
marine antifouling2.zip,！1-s2.0-S0300944024006167-main.pdf,S0300944024006167,10.1016/j.porgcoat.2024.108824,Degradable polylactic acid-reinforced acrylate polymer coating for,1
marine antifouling2.zip,！1-s2.0-S0300944024006982-main.pdf,S0300944024006982,10.1016/j.porgcoat.2024.108906,Composite coatings based on silicone-modified polyurethane and marine,1
marine antifouling2.zip,！1-s2.0-S0300944024008257-main.pdf,S0300944024008257,10.1016/j.porgcoat.2024.109033,Fabrication of medetomidines/epoxy coatings for marine anticorrosion,1
marine antifouling2.zip,！1-s2.0-S0300944025001213-main.pdf,S0300944025001213,10.1016/j.porgcoat.2025.109172,Progress in Organic Coatings 203 (2025) 109172,1
marine antifouling2.zip,！1-s2.0-S1004954120306595-main.pdf,S1004954120306595,10.1016/j.cjche.2020.11.007,Synthesis and characterization of caprolactone based polyurethane with,1
marine antifouling2.zip,！1-s2.0-S1385894723015000-main.pdf,S1385894723015000,10.1016/j.cej.2023.142769,Chemical Engineering Journal 464 (2023) 142769,1
marine antifouling2.zip,！1-s2.0-S1385894724050575-main.pdf,S1385894724050575,10.1016/j.cej.2024.153568,Chemical Engineering Journal 495 (2024) 153568,1
marine antifouling2.zip,！1-s2.0-S1385894724056468-main.pdf,S1385894724056468,10.1016/j.cej.2024.154157,Revolutionizing marine Protection: Innovative designs for In-Situ,1
marine antifouling2.zip,！1-s2.0-S1385894724095081-main.pdf,S1385894724095081,10.1016/j.cej.2024.158017,Synthesis and marine antifouling properties of carbazole amide derivatives,1
marine antifouling2.zip,！a-new-sight-into-bio-based-polybenzoxazine-from-tunable-thermal-and-mechanical-properties-to-excellent-marine.pdf,,10.1021/acsomega.0c00025,A New Sight into Bio-Based Polybenzoxazine: From Tunable,1
marine antifouling2.zip,！a-paintable-scalable-and-durable-zwitterionic-hydrogel-coating-for-enhanced-marine-antifouling-applications.pdf,,10.1021/acs.langmuir.4c04595,"A Paintable, Scalable, and Durable Zwitterionic Hydrogel Coating",1
marine antifouling2.zip,！Adv Materials Inter - 2015 - Ma - Antifouling on Gecko s Feet Inspired Fibrillar Surfaces  Evolving from Land to Marine and.pdf,,10.1002/admi.201500257,"© 2015 WILEY-VCH Verlag GmbH & Co. KGaA, Weinheim (1 of 12) 1500257wileyonlinelibrary.com",1
marine antifouling2.zip,！Advanced Materials - 2013 - Yang - Synergistic Prevention of Biofouling in Seawater Desalination by Zwitterionic Surfaces.pdf,,10.1002/adma.201304386,"© 2013 WILEY-VCH Verlag GmbH & Co. KGaA, Weinheim 1711",1
marine antifouling2.zip,！amphiphilic-balance-effect-of-the-hydrophilic-hydrophobic-ratio-on-fouling-release-surfaces.pdf,,10.1021/acs.langmuir.3c03478,AmphiphilicBalance:EffectoftheHydrophilic−HydrophobicRatio,1
marine antifouling2.zip,！amphiphilic-marine-antifouling-coatings-based-on-a-hydrophilic-polyvinylpyrrolidone-and-hydrophobic-fluorine-silicon.pdf,,10.1021/acs.langmuir.0c02329,Amphiphilic Marine Antifouling Coatings Based on a Hydrophilic,1
marine antifouling2.zip,！amphiphilic-marine-antifouling-coatings-based-on-zwitterion-modified-silicone-polymers.pdf,,10.1021/acs.langmuir.4c04332,AmphiphilicMarineAntifoulingCoatingsBasedonZwitterion-,1
marine antifouling2.zip,！amphiphilic-nitroxide-bearing-siloxane-based-block-copolymer-coatings-for-enhanced-marine-fouling-release.pdf,,10.1021/acsami.1c05266,Amphiphilic Nitroxide-Bearing Siloxane-Based Block Copolymer,1
marine antifouling2.zip,！Amphiphilic_Marine_Coatings_Sy.pdf,,,AMPHIPHILIC MARINE COATINGS SYSTEM OF SELF-LAYERED PDMS-PEG,1
marine antifouling2.zip,！antifouling-properties-of-poly(methyl-methacrylate)-films-grafted-with-poly(ethylene-glycol)-monoacrylate-immersed-in.pdf,,10.1021/la801814u,Antifouling Properties of Poly(methyl methacrylate) Films Grafted,1
marine antifouling2.zip,！antifouling-property-of-cu2o-free-self-polishing-antifouling-coatings-based-on-amide-derivatives-inspired-by-capsaicin.pdf,,10.1021/acs.langmuir.2c01503,Antifouling Property of Cu2O‑Free Self-Polishing Antifouling,1
marine antifouling2.zip,！bioinspired-silicone-epoxy-coatings-combining-cycloaliphatic-resins-and-tetrasulfide-bonds-for-enhanced-anticorrosion.pdf,,10.1021/acs.iecr.4c04473,BioinspiredSilicone-EpoxyCoatings:CombiningCycloaliphatic,1
marine antifouling2.zip,！biomimetic-anchors-for-antifouling-and-antibacterial-polymer-brushes-on-stainless-steel.pdf,,10.1021/la200620s,"Published: May 13, 2011",1
marine antifouling2.zip,！bit-triazine-acrylate-resins-as-high-performance-sustainable-coatings-for-marine-antifouling-applications.pdf,,10.1021/acsapm.5c01800,BIT-Triazine Acrylate Resins as High-Performance Sustainable,1
marine antifouling2.zip,！Bulletin Korean Chem Soc - 2016 - Kim - Marine Antifouling Surface Coatings Using Tannic Acid and Poly N‐vinylpyrrolidone.pdf,,10.1002/bkcs.10687,Marine Antifouling Surface Coatings Using Tannic Acid and,1
marine antifouling2.zip,！Bulletin Korean Chem Soc - 2026 - Han - Surface‐initiated ARGET ATRP of zwitterionic carboxybetaine methacryloyl.pdf,,10.1002/bkcs.70111,Surface-initiated ARGET ATRP of zwitterionic carboxybetaine,1
marine antifouling2.zip,！C3PY00009E.pdf,,10.1039/c3py00009e,Stainless steel surfaces with thiol-terminated,1
marine antifouling2.zip,！C6TB01642A.pdf,,10.1039/c6tb01642a,"This journal is© The Royal Society of Chemistry 2016 J. Mater. Chem. B, 2016, 4, 5747- -5754 | 5747",1
marine antifouling2.zip,！c7ta05241c.pdf,,10.1039/c7ta05241c,Self-repairing silicone coatings for marine anti-,1
marine antifouling2.zip,！cationic-copolymer-with-amphiphilic-side-chain-and-hydrophobic-siloxane-polycaprolactone-main-chain-for-marine.pdf,,10.1021/acs.langmuir.5c00179,CationicCopolymerwithAmphiphilicSideChainandHydrophobic,1
marine antifouling2.zip,！D1PY00810B.pdf,,10.1039/d1py00810b,"Cite this: Polym. Chem., 2021, 12,",1
marine antifouling2.zip,！Development_of_Polymeric_Coati.pdf,,,UNIVERSITY OF CALIFORNIA,1
marine antifouling2.zip,！Elastomeric fluorinated polyurethane coatings for nontoxic fouling control.pdf,,10.1080/0892701031000061741,ISSN: 0892-7014 (Print) 1029-2454 (Online) Journal homepage: www.tandfonline.com/journals/gbif20,1
marine antifouling2.zip,！environmentally-friendly-antifouling-coatings-based-on-biodegradable-polymer-and-natural-antifoulant.pdf,,10.1021/acssuschemeng.7b01385,Environmentally Friendly Antifouling Coatings Based on,1
marine antifouling2.zip,！facile-construction-of-robust-multilayered-peg-films-on-polydopamine-coated-solid-substrates-for-marine-antifouling.pdf,,10.1021/acsami.7b07199,Facile Construction of Robust Multilayered PEG Films on,1
marine antifouling2.zip,！fchem-13-1666881.pdf,,10.3389/fchem.2025.1666881,A wear-resistant coating with,1
marine antifouling2.zip,！Fluorine-free mixed amphiphilic polymers based on PDMS and PEG side chains for fouling release applications.pdf,,10.1080/08927014.2011.587662,The Journal of Bioadhesion and Bioﬁlm Research,1
marine antifouling2.zip,！from-the-nature-for-the-nature-an-eco-friendly-antifouling-coating-consisting-of-poly(lactic-acid)-based-polyurethane.pdf,,10.1021/acssuschemeng.9b06917,“From the Nature for the Nature ”: An Eco-Friendly Antifouling,1
marine antifouling2.zip,！hyperbranched-fluoropolymer-polydimethylsiloxane-poly(ethylene-glycol)-cross-linked-terpolymer-networks-designed-for.pdf,,10.1021/am505296n,Hyperbranched Fluoropolymer-Polydimethylsiloxane-Poly(ethylene,1
marine antifouling2.zip,！inhibition-of-marine-biofouling-by-use-of-degradable-and-hydrolyzable-silyl-acrylate-copolymer.pdf,,10.1021/acs.iecr.5b01819,Inhibition of Marine Biofouling by Use of Degradable and,1
marine antifouling2.zip,！investigation-of-n-substituted-morpholine-structures-in-an-amphiphilic-pdms-based-antifouling-and-fouling-release.pdf,,10.1021/acs.biomac.1c01474,Investigation of N ‑Substituted Morpholine Structures in an,1
marine antifouling2.zip,！J of Applied Polymer Sci - 2015 - Sun - Preparation and properties of crosslinked network coatings based on.pdf,,10.1002/app.41860,Preparation and properties of crosslinked network coatings based on,1
marine antifouling2.zip,！J of Applied Polymer Sci - 2024 - Cao - Synthesis and characterization of waterborne polyurethane‐based marine antifouling.pdf,,10.1002/app.56455,RESEARCH ARTICLE,1
marine antifouling2.zip,！J of Applied Polymer Sci - 2025 - Hu - Synthesis of E‐54‐Based Quaternary Ammonium Salt and Its Efficacy in Antifouling.pdf,,10.1002/app.57388,RESEARCH ARTICLE,1
marine antifouling2.zip,！J of Applied Polymer Sci - 2025 - Wang - An Antifouling Coating Based on Tannic Acid  An Eco‐Friendly Strategy for.pdf,,10.1002/app.57227,RESEARCH ARTICLE,1
marine antifouling2.zip,！jmse-13-00568-v2.pdf,,10.3390/jmse13030568,Academic Editor: Cristiano Fragassa,1
marine antifouling2.zip,！Journal of Polymer Science - 2025 - Liu - Self‐Releasing Vanillin  An Eco‐Friendly Self‐Polishing Coating Designed for.pdf,,10.1002/pol.20241081,RESEARCH ARTICLE,1
marine antifouling2.zip,！Journal of Polymer Science Part A  Polymer Chemistry - 2015 - He - Efficient and robust coatings using poly.pdf,,10.1002/pola.27912,Efficient and Robust Coatings Using Poly(2-methyl-2-oxazoline),1
marine antifouling2.zip,！kill-resist-renew-trinity-hyperbranched-polymer-with-self-regenerating-attack-and-defense-for-antifouling-coatings.pdf,,10.1021/acsami.1c02273,Kill−Resist−Renew Trinity: Hyperbranched Polymer with Self-,1
marine antifouling2.zip,！Mahto_2020_IOP_Conf._Ser.__Mater._Sci._Eng._798_012005.pdf,,10.1088/1757-899X/798/1/012005,IOP Conference Series:,1
marine antifouling2.zip,！MAP-inspired dual crosslinked PVP-phenol sprayable hydrogel coating for stable marine antifouling applications.pdf,,10.26599/FRICT.2025.9440946,MAP-inspired  dual  crosslinked  PVP-phenol  sprayable  hydrogel,1
marine antifouling2.zip,！metal-free-low-surface-energy-and-self-healing-polyurethane-coating-with-an-excellent-antifouling-property.pdf,,10.1021/acsapm.2c01503,"Metal-Free, Low-Surface Energy, and Self-Healing Polyurethane",1
marine antifouling2.zip,！molecules-27-05059-v2.pdf,,10.3390/molecules27165059,"Citation: Liao, X.; Niu, K.; Liu, F.;",1
marine antifouling2.zip,！mucus-inspired-underwater-enhanced-amphiphilic-liquid-like-fluorocarbon-composite-coating-antifouling-and-anti-icing.pdf,,10.1021/acsami.5c12461,Mucus-Inspired Underwater-Enhanced Amphiphilic Liquid-Like,1
marine antifouling2.zip,！new-peptidomimetic-polymers-for-antifouling-surfaces.pdf,,10.1021/ja0522534,New Peptidomimetic Polymers for Antifouling Surfaces,1
marine antifouling2.zip,！oxidation-mediated-zwitterionic-polydopamine-coatings-for-marine-antifouling-applications.pdf,,10.1021/acs.langmuir.8b03454,"Oxidation-Mediated, Zwitterionic Polydopamine Coatings for",1
marine antifouling2.zip,！photoinitiated-thiol-ene-click-reaction-for-preparation-of-highly-adhesive-and-mechanically-stable-silicone-coatings.pdf,,10.1021/acsami.4c18569,Photoinitiated Thiol−Ene Click Reaction for Preparation of Highly,1
marine antifouling2.zip,！Polymers for Advanced Techs - 2024 - Zhao - Long lasting marine antifouling polyurethane coating chemically bonded with.pdf,,10.1002/pat.6314,RESEARCH ARTICLE,1
marine antifouling2.zip,！polymers-13-02242.pdf,,10.3390/polym13142242,Simple Preparation of Polydimethylsiloxane and Polyurethane,1
marine antifouling2.zip,！polymers-14-03804-v2.pdf,,10.3390/polym14183804,"Citation: Wu, T.; Qi, Y.; Chen, Q.; Gu,",1
marine antifouling2.zip,！polymers-15-00317-v2.pdf,,10.3390/polym15020317,"Citation: Zhang, Y.; Ge, T.; Li, Y.; Lu,",1
marine antifouling2.zip,！polymers-16-01570.pdf,,10.3390/polym16111570,"Citation: Wei, C.; Zhang, Y.; Tang, Z.;",1
marine antifouling2.zip,！role-of-backbone-chemistry-and-monomer-sequence-in-amphiphilic-oligopeptide-and-oligopeptoid-functionalized-pdms-and.pdf,,10.1021/acs.macromol.6b02505,Role of Backbone Chemistry and Monomer Sequence in Amphiphilic,1
marine antifouling2.zip,！s10118-025-3382-y.pdf,,10.1007/s10118-025-3382-y,"Chinese J. Polym. Sci. 2025, 43, 1629–1637",1
marine antifouling2.zip,！s10853-025-10725-9.pdf,,10.1007/s10853-025-10725-9,Vol.:(0123456789),1
marine antifouling2.zip,！s10904-025-04025-7.pdf,,10.1007/s10904-025-04025-7,Mankind has learned to cope with marine biofouling by,1
marine antifouling2.zip,！s11998-018-0144-6.pdf,,10.1007/s11998-018-0144-6,Advances in design and manufacturing of environmentally,1
marine antifouling2.zip,！s11998-019-00294-3.pdf,,10.1007/s11998-019-00294-3,Chemistry and application of emerging ecofriendly antifouling,1
marine antifouling2.zip,！s11998-019-00313-3.pdf,,10.1007/s11998-019-00313-3,Degradable polyurethane based on triblock polyols composed,1
marine antifouling2.zip,！s42114-024-01094-z.pdf,,10.1007/s42114-024-01094-z,Vol.:(0123456789),1
marine antifouling2.zip,！seawater-induced-healable-underwater-superoleophobic-antifouling-coatings.pdf,,10.1021/acsami.8b16464,Seawater-Induced Healable Underwater Superoleophobic,1
marine antifouling2.zip,！self-renewing-antifouling-coating-based-on-integrated-offensive-and-defense-strategies-inspired-by-coral.pdf,,10.1021/acsami.5c24167,Antifouling Coating Based on Integrated Offensive,1
marine antifouling2.zip,！studying-the-effect-of-pre-polymer-composition-and-incorporation-of-surface-modifying-amphiphilic-additives-on-the.pdf,,10.1021/acsami.2c10983,Studying the Effect of Pre-Polymer Composition and Incorporation,1
marine antifouling2.zip,！Superior mechanical performance polyurethane-silicone coatings for synergistic antimicrobial and antifouling coatings.pdf,,10.1080/10601325.2024.2330600,Pure and Applied Chemistry,1
marine antifouling2.zip,！The intermolecular forces induced silicon-polyurea marine anti-fouling coating with ideal mechanical and antibacterial performances.pdf,,10.1080/10601325.2024.2335276,Pure and Applied Chemistry,1
